idx,B,E,core,sp,mu_dot_t,lambda_sum,mu,lambda
0,8,0,D6_B8_0002,-1,7,6,1 1 0 0 1 1 0 0,1 1 0 1 0 0 1 1 0 1
1,8,1,D6_B8_0002,0,8,7,1 1 0 0 1 1 0 0,1 1 0 1 0 0 1 1 1 1
2,8,1,D6_B8_0002,1,7,6,0 1 0 0 1 1 0 0,1 1 0 1 0 0 1 1 0 1
3,8,1,D6_B8_0002,2,7,6,1 1 0 0 1 1 0 0,1 1 0 1 0 0 1 1 0 1
4,8,1,D6_B8_0002,3,7,6,1 1 0 0 1 1 0 0,1 1 0 1 0 0 1 1 0 1
5,8,1,D6_B8_0002,4,7,6,0 0 0 0 1 1 1 0,1 0 1 0 1 0 1 1 1 0
6,8,1,D6_B8_0002,5,7,6,0 0 0 0 1 1 1 0,1 0 1 0 1 0 1 1 1 0
7,8,1,D6_B8_0002,6,7,6,0 0 0 0 1 1 1 0,1 0 1 0 1 0 1 1 1 0
8,8,1,D6_B8_0002,7,8,7,0 0 0 0 1 1 0 1,1 1 1 0 1 0 1 1 1 0
9,8,1,D6_B8_0003,2,7,6,1 0 0 0 0 0 1 1,0 1 1 1 1 1 0 0 0 1
10,8,0,D6_B8_0004,-1,8,7,1 1 0 0 1 1 0 0,1 1 1 1 0 1 1 0 1 0
11,8,1,D6_B8_0004,0,9,7,1 1 0 0 1 1 0 0,1 1 1 1 0 1 1 0 1 0
12,8,1,D6_B8_0004,1,9,7,1 1 0 0 1 1 0 0,1 1 1 1 0 1 1 0 1 0
13,8,1,D6_B8_0004,2,8,7,1 1 0 0 1 1 0 0,1 1 1 1 0 1 1 0 1 0
14,8,1,D6_B8_0004,3,8,7,1 1 0 0 1 1 0 0,1 1 1 1 0 1 1 0 1 0
15,8,1,D6_B8_0004,4,9,7,1 1 0 0 1 1 0 0,1 1 1 1 0 1 1 0 1 0
16,8,1,D6_B8_0004,5,9,7,1 1 0 0 1 1 0 0,1 1 1 1 0 1 1 0 1 0
17,8,1,D6_B8_0004,6,8,7,1 1 0 0 1 1 0 0,1 1 1 1 0 1 1 0 1 0
18,8,1,D6_B8_0004,7,8,7,1 1 0 0 1 1 0 0,1 1 1 1 0 1 1 0 1 0
19,8,1,D6_B8_0005,0,4,2,0 1 0 0 1 0 0 0,0 0 0 0 0 1 0 0 1 0
20,8,0,D6_B8_0006,-1,3,2,0 1 0 0 1 0 0 0,0 0 0 0 1 0 0 0 1 0
21,8,1,D6_B8_0006,0,3,2,0 1 0 0 1 0 0 0,0 0 0 0 1 0 0 0 1 0
22,8,1,D6_B8_0006,1,4,2,0 1 0 0 1 0 0 0,0 0 0 0 1 0 0 0 1 0
23,8,1,D6_B8_0006,2,3,2,0 1 0 0 1 0 0 0,0 0 0 0 1 0 0 0 1 0
24,8,1,D6_B8_0006,3,3,2,0 1 0 0 1 0 0 0,0 0 0 0 1 0 0 0 1 0
25,8,1,D6_B8_0006,4,3,2,0 0 0 0 1 0 0 0,0 0 0 0 1 0 0 0 1 0
26,8,1,D6_B8_0006,5,3,2,0 1 0 0 1 0 0 0,0 0 0 0 1 0 0 0 1 0
27,8,1,D6_B8_0006,6,3,2,0 1 0 0 1 0 0 0,0 0 0 0 1 0 0 0 1 0
28,8,1,D6_B8_0006,7,3,2,0 1 0 0 1 0 0 0,0 0 0 0 1 0 0 0 1 0
29,8,0,D6_B8_0007,-1,4,3,0 1 0 0 1 0 0 0,0 0 0 0 1 0 1 0 1 0
30,8,1,D6_B8_0007,0,4,3,0 1 0 0 1 0 0 0,0 0 0 0 1 0 1 0 1 0
31,8,1,D6_B8_0007,1,5,3,0 1 0 0 1 0 0 0,0 0 0 0 1 0 1 0 1 0
32,8,1,D6_B8_0007,2,4,3,0 1 0 0 1 0 0 0,0 0 0 0 1 0 1 0 1 0
33,8,1,D6_B8_0007,3,4,3,0 1 0 0 1 0 0 0,0 0 0 0 1 0 1 0 1 0
34,8,1,D6_B8_0007,4,5,3,0 1 0 0 1 0 0 0,0 0 0 0 1 0 1 0 1 0
35,8,1,D6_B8_0007,5,4,3,0 1 0 0 1 0 0 0,0 0 0 0 1 0 1 0 1 0
36,8,1,D6_B8_0007,6,4,3,0 1 0 0 1 0 0 0,0 0 0 0 1 0 1 0 1 0
37,8,1,D6_B8_0007,7,4,3,0 1 0 0 1 0 0 0,0 0 0 0 1 0 1 0 1 0
38,8,0,D6_B8_0008,-1,4,3,0 1 0 0 1 0 0 0,0 0 0 0 1 0 0 1 1 0
39,8,1,D6_B8_0008,0,5,3,0 1 0 0 0 0 0 1,0 0 0 0 1 0 0 0 1 1
40,8,1,D6_B8_0008,1,6,3,0 1 0 0 0 0 0 1,0 0 0 0 1 0 0 1 1 0
41,8,1,D6_B8_0008,2,5,3,0 1 0 0 0 0 0 1,0 0 0 0 1 0 0 0 1 1
42,8,1,D6_B8_0008,3,5,3,0 1 0 0 0 0 0 1,0 0 0 0 1 0 0 0 1 1
43,8,1,D6_B8_0008,4,5,3,0 1 0 0 0 0 0 1,0 0 0 0 1 0 0 0 1 1
44,8,1,D6_B8_0008,5,5,3,0 1 0 0 0 0 0 1,0 0 0 0 1 0 0 0 1 1
45,8,1,D6_B8_0008,6,5,3,0 1 0 0 0 0 0 1,0 0 0 0 1 0 0 1 1 0
46,8,1,D6_B8_0008,7,4,3,0 0 0 0 0 0 0 1,0 0 0 0 1 0 0 1 1 0
47,8,0,D6_B8_0009,-1,5,4,0 0 0 0 1 0 0 1,0 1 0 0 1 1 0 1 0 0
48,8,1,D6_B8_0009,0,5,4,0 0 0 0 1 0 0 1,0 1 0 0 1 1 0 1 0 0
49,8,1,D6_B8_0009,1,5,4,0 0 0 0 1 0 0 1,0 1 0 0 1 1 0 1 0 0
50,8,1,D6_B8_0009,2,5,4,0 0 1 1 0 0 0 0,0 0 0 0 0 1 0 1 1 1
51,8,1,D6_B8_0009,3,5,4,0 0 0 1 1 0 0 0,0 1 0 0 1 1 0 1 0 0
52,8,1,D6_B8_0009,4,5,4,0 0 0 1 1 0 0 0,0 0 0 0 1 1 0 1 0 1
53,8,1,D6_B8_0009,5,5,4,0 0 0 0 1 0 0 1,0 1 0 0 1 1 0 1 0 0
54,8,1,D6_B8_0009,6,5,4,0 0 0 1 0 0 0 1,0 1 0 0 1 1 0 1 0 0
55,8,1,D6_B8_0009,7,6,4,0 0 0 1 0 0 0 1,0 1 0 0 1 1 0 1 0 0
56,8,0,D6_B8_0010,-1,5,4,0 0 0 0 1 0 0 1,1 1 0 0 0 0 1 0 1 0
57,8,1,D6_B8_0010,0,5,4,0 0 0 0 1 0 0 1,0 1 0 0 0 0 1 1 1 0
58,8,1,D6_B8_0010,1,5,4,0 0 0 0 1 0 0 1,1 1 0 0 0 0 1 0 1 0
59,8,1,D6_B8_0010,2,5,4,0 0 0 0 1 0 0 1,1 1 0 0 0 0 1 0 1 0
60,8,1,D6_B8_0010,3,5,4,0 0 0 0 1 0 0 1,1 1 0 0 0 0 1 0 1 0
61,8,1,D6_B8_0010,4,6,4,0 0 0 0 1 0 0 1,1 1 0 0 0 0 1 0 1 0
62,8,1,D6_B8_0010,5,5,4,0 0 0 0 1 0 0 1,1 1 0 0 0 0 1 0 1 0
63,8,1,D6_B8_0010,6,5,4,0 0 0 0 1 0 0 1,1 1 0 0 0 0 1 0 1 0
64,8,1,D6_B8_0010,7,6,4,0 0 0 0 1 0 0 1,1 1 0 0 0 0 1 0 1 0
65,8,0,D6_B8_0011,-1,5,4,1 0 0 1 1 0 0 0,0 1 0 0 1 0 0 1 1 0
66,8,1,D6_B8_0011,0,6,4,1 0 0 1 1 0 0 0,0 1 0 0 1 0 0 1 1 0
67,8,1,D6_B8_0011,1,5,4,1 0 0 1 1 0 0 0,0 1 0 0 1 0 0 1 1 0
68,8,1,D6_B8_0011,2,6,4,0 0 1 1 1 0 0 0,0 1 0 0 1 0 0 1 1 0
69,8,1,D6_B8_0011,3,5,4,0 0 0 1 1 0 0 0,0 1 0 0 1 0 0 1 1 0
70,8,1,D6_B8_0011,4,5,4,0 0 0 1 1 0 0 0,0 1 0 0 1 0 0 1 1 0
71,8,1,D6_B8_0011,5,6,4,0 0 0 1 1 1 0 0,1 1 0 0 1 0 0 0 1 0
72,8,1,D6_B8_0011,6,5,4,0 0 1 1 1 0 0 0,0 1 0 0 1 0 0 1 1 0
73,8,1,D6_B8_0011,7,6,5,0 0 0 0 1 0 0 1,0 1 1 0 1 0 0 1 1 0
74,8,0,D6_B8_0012,-1,5,4,0 0 0 0 1 0 0 1,0 0 0 0 1 0 1 1 0 1
75,8,1,D6_B8_0012,0,5,4,0 0 0 0 1 0 0 1,0 0 0 0 1 0 1 1 0 1
76,8,1,D6_B8_0012,1,5,4,0 0 0 0 1 0 0 1,0 1 0 0 1 0 1 1 0 0
77,8,1,D6_B8_0012,2,5,4,0 0 0 0 1 0 0 1,0 0 0 0 1 0 1 1 0 1
78,8,1,D6_B8_0012,3,5,4,0 0 0 0 1 0 0 1,0 1 0 1 1 0 1 0 0 0
79,8,1,D6_B8_0012,4,5,4,0 0 1 0 1 0 0 0,1 1 0 0 1 0 0 1 0 0
80,8,1,D6_B8_0012,5,5,4,0 0 0 0 1 0 0 1,0 1 0 0 1 0 1 1 0 0
81,8,1,D6_B8_0012,6,5,4,0 0 0 0 1 0 0 1,0 1 0 0 1 0 1 1 0 0
82,8,1,D6_B8_0012,7,6,4,0 0 0 0 1 0 0 1,0 0 0 0 1 0 1 1 0 1
83,8,0,D6_B8_0013,-1,5,3,0 0 0 0 0 0 1 1,0 1 0 0 0 1 1 0 0 0
84,8,1,D6_B8_0013,0,5,3,1 0 0 0 0 0 0 1,0 0 0 0 0 1 1 1 0 0
85,8,1,D6_B8_0013,1,4,3,1 0 0 0 0 0 0 1,0 0 0 0 0 0 1 1 1 0
86,8,1,D6_B8_0013,2,6,3,0 0 1 0 0 0 0 1,0 0 0 0 0 0 1 1 1 0
87,8,1,D6_B8_0013,3,5,3,0 0 0 0 0 0 1 1,0 1 0 0 0 1 1 0 0 0
88,8,1,D6_B8_0013,4,4,3,0 0 1 0 0 0 1 0,0 0 0 0 0 0 1 1 1 0
89,8,1,D6_B8_0013,5,5,3,0 0 0 0 0 0 1 1,0 1 0 0 0 0 1 0 1 0
90,8,1,D6_B8_0013,6,6,3,0 0 0 0 0 0 1 1,0 0 0 0 0 0 1 1 1 0
91,8,1,D6_B8_0013,7,4,3,0 0 0 0 0 0 0 1,0 1 0 0 0 1 0 0 0 1
92,8,0,D6_B8_0014,-1,5,4,0 0 1 0 0 0 0 1,0 0 0 0 1 0 1 1 1 0
93,8,1,D6_B8_0014,0,5,4,1 0 1 0 0 0 0 0,0 1 0 0 1 1 0 0 0 1
94,8,1,D6_B8_0014,1,5,4,0 0 1 0 0 0 0 1,0 0 0 0 1 0 1 1 1 0
95,8,1,D6_B8_0014,2,5,4,1 0 1 0 0 0 0 0,0 1 0 0 1 1 1 0 0 0
96,8,1,D6_B8_0014,3,5,4,1 0 0 0 0 0 0 1,0 0 0 0 1 0 1 1 1 0
97,8,1,D6_B8_0014,4,5,4,1 0 0 0 0 0 0 1,0 0 0 0 1 0 1 1 1 0
98,8,1,D6_B8_0014,5,5,4,1 0 0 0 0 0 0 1,0 0 0 0 1 0 1 1 1 0
99,8,1,D6_B8_0014,6,5,4,1 0 0 0 0 0 1 0,0 0 0 0 1 1 0 1 0 1
100,8,1,D6_B8_0014,7,6,4,0 0 1 0 0 0 0 1,0 0 0 0 1 0 1 1 1 0
101,8,0,D6_B8_0015,-1,6,4,1 0 1 0 0 0 1 0,0 0 0 0 0 1 1 1 1 0
102,8,1,D6_B8_0015,0,5,4,1 0 0 0 0 0 1 0,0 0 0 0 0 1 1 1 1 0
103,8,1,D6_B8_0015,1,6,4,1 0 1 0 0 0 1 0,0 0 0 0 0 1 1 1 1 0
104,8,1,D6_B8_0015,2,5,4,1 0 1 0 0 0 0 0,0 0 0 0 0 1 1 1 1 0
105,8,1,D6_B8_0015,3,6,4,1 0 1 0 0 0 1 0,0 0 0 0 0 1 1 1 1 0
106,8,1,D6_B8_0015,4,6,4,1 0 1 0 0 0 1 0,0 0 0 0 1 1 1 1 0 0
107,8,1,D6_B8_0015,5,6,4,1 0 1 0 0 0 1 0,0 0 0 0 1 1 1 1 0 0
108,8,1,D6_B8_0015,6,5,4,1 0 0 0 0 0 1 0,0 0 0 0 1 1 1 1 0 0
109,8,1,D6_B8_0015,7,6,5,1 0 0 0 0 0 0 1,0 0 0 1 1 1 1 1 0 0
110,8,1,D6_B8_0016,6,7,6,1 1 1 0 0 1 0 0,0 0 1 1 1 1 1 0 1 0
111,8,0,D6_B8_0017,-1,6,5,0 1 1 0 1 1 0 0,0 1 1 1 0 1 1 0 0 0
112,8,1,D6_B8_0017,0,6,5,0 1 1 0 1 1 0 0,0 1 1 1 0 1 1 0 0 0
113,8,1,D6_B8_0017,1,6,5,0 1 0 0 1 1 0 0,0 1 1 1 0 1 1 0 0 0
114,8,1,D6_B8_0017,2,6,5,0 0 1 0 1 1 0 0,0 1 1 1 0 1 1 0 0 0
115,8,1,D6_B8_0017,3,6,5,0 1 1 0 1 1 0 0,0 1 1 1 0 1 1 0 0 0
116,8,1,D6_B8_0017,4,5,4,0 0 0 0 1 1 0 0,0 0 1 1 0 1 0 1 0 0
117,8,1,D6_B8_0017,5,5,4,0 0 0 0 1 1 0 0,0 0 1 1 0 1 0 1 0 0
118,8,1,D6_B8_0017,6,6,5,0 1 1 0 1 1 0 0,0 1 1 1 0 1 1 0 0 0
119,8,1,D6_B8_0017,7,6,5,0 1 1 0 1 1 0 0,0 1 1 1 0 1 1 0 0 0
120,8,1,D6_B8_0018,0,8,7,0 1 1 0 1 1 0 0,1 1 1 1 0 1 0 1 1 0
121,8,0,D6_B8_0019,-1,3,2,1 0 1 0 0 0 0 0,0 0 1 0 0 1 0 0 0 0
122,8,1,D6_B8_0019,0,3,2,1 0 0 0 0 0 0 0,0 1 0 0 0 1 0 0 0 0
123,8,1,D6_B8_0019,1,3,2,1 0 1 0 0 0 0 0,0 0 1 0 0 1 0 0 0 0
124,8,1,D6_B8_0019,2,2,1,0 0 1 0 0 0 0 0,1 0 0 0 0 0 0 0 0 0
125,8,1,D6_B8_0019,3,3,2,1 0 1 0 0 0 0 0,0 0 1 0 0 1 0 0 0 0
126,8,1,D6_B8_0019,4,3,2,1 0 1 0 0 0 0 0,0 0 1 0 0 1 0 0 0 0
127,8,1,D6_B8_0019,5,3,2,0 0 0 0 0 1 0 0,0 0 0 1 0 1 0 0 0 0
128,8,1,D6_B8_0019,6,3,2,1 0 1 0 0 0 0 0,0 0 1 0 0 1 0 0 0 0
129,8,1,D6_B8_0019,7,3,2,0 0 0 0 0 0 0 1,0 0 0 0 0 1 0 1 0 0
130,8,0,D6_B8_0020,-1,6,4,1 0 0 1 0 0 0 1,1 1 0 0 0 0 0 0 1 1
131,8,1,D6_B8_0020,0,5,4,1 0 0 0 0 0 1 0,0 1 0 0 0 0 0 1 1 1
132,8,1,D6_B8_0020,1,5,4,0 1 0 0 0 0 1 1,0 1 0 0 0 1 0 1 0 1
133,8,1,D6_B8_0020,2,6,4,0 0 0 1 1 0 1 0,0 1 1 0 0 0 0 1 1 0
134,8,1,D6_B8_0020,3,5,4,0 0 0 1 1 0 0 0,0 1 1 0 0 0 0 1 1 0
135,8,1,D6_B8_0020,4,5,4,0 0 0 0 1 0 0 1,0 1 1 0 0 1 0 1 0 0
136,8,1,D6_B8_0020,5,6,4,0 0 0 0 1 0 1 1,1 1 1 0 0 0 0 0 1 0
137,8,1,D6_B8_0020,6,5,4,1 0 0 0 0 0 1 0,0 1 1 0 0 0 0 1 1 0
138,8,1,D6_B8_0020,7,5,4,0 0 0 0 1 0 0 1,0 1 1 0 0 0 0 1 1 0
139,8,0,D6_B8_0021,-1,8,7,1 0 0 1 0 1 0 1,0 1 0 1 1 0 1 1 1 1
140,8,1,D6_B8_0021,0,7,6,1 1 0 1 0 0 0 0,0 1 1 1 1 0 1 0 1 0
141,8,1,D6_B8_0021,1,7,6,1 1 0 1 0 0 0 0,0 1 1 1 1 0 1 0 1 0
142,8,1,D6_B8_0021,2,8,7,1 0 0 1 0 1 0 1,0 1 0 1 1 0 1 1 1 1
143,8,1,D6_B8_0021,3,7,6,1 1 0 1 0 0 0 0,0 1 1 1 1 0 1 0 1 0
144,8,1,D6_B8_0021,4,8,7,1 0 0 1 0 1 0 1,1 1 0 1 0 0 1 1 1 1
145,8,1,D6_B8_0021,5,9,7,1 0 0 1 0 1 0 1,0 1 0 1 1 0 1 1 1 1
146,8,1,D6_B8_0021,6,8,7,1 0 0 1 0 1 0 1,1 1 0 1 0 0 1 1 1 1
147,8,1,D6_B8_0021,7,9,7,1 0 0 1 0 1 0 1,0 1 0 1 1 0 1 1 1 1
148,8,0,D6_B8_0022,-1,15,14,2 2 0 1 0 0 2 1,1 2 2 1 0 0 2 2 2 2
149,8,1,D6_B8_0022,0,7,6,1 1 0 0 0 0 1 0,0 1 1 0 0 0 1 1 1 1
150,8,1,D6_B8_0022,1,7,6,1 1 0 0 0 0 1 0,0 1 1 0 0 0 1 1 1 1
151,8,1,D6_B8_0022,2,15,14,2 2 0 1 0 0 2 1,1 2 2 1 1 0 2 1 2 2
152,8,1,D6_B8_0022,3,8,7,1 1 0 1 0 0 1 0,0 1 1 1 1 0 1 0 1 1
153,8,1,D6_B8_0022,4,15,14,2 2 0 1 0 0 2 1,1 2 2 1 1 0 2 1 2 2
154,8,1,D6_B8_0022,5,13,12,1 1 0 1 0 1 2 1,1 1 1 1 2 0 2 1 2 1
155,8,1,D6_B8_0022,6,7,6,1 1 0 0 0 0 1 0,0 1 1 0 0 0 1 1 1 1
156,8,1,D6_B8_0022,7,9,8,1 1 0 0 0 0 1 1,1 0 0 0 0 0 2 1 2 2
157,8,0,D6_B8_0023,-1,4,3,1 0 0 0 0 0 1 0,1 1 1 0 0 0 0 0 0 0
158,8,1,D6_B8_0023,0,5,3,1 0 0 0 0 0 1 0,1 1 1 0 0 0 0 0 0 0
159,8,1,D6_B8_0023,1,4,3,1 0 0 0 0 0 1 0,1 1 1 0 0 0 0 0 0 0
160,8,1,D6_B8_0023,2,4,3,1 0 0 0 0 0 1 0,1 1 1 0 0 0 0 0 0 0
161,8,1,D6_B8_0023,3,4,3,0 0 0 0 0 0 1 1,1 1 1 0 0 0 0 0 0 0
162,8,1,D6_B8_0023,4,4,3,0 0 0 0 0 1 1 0,1 1 1 0 0 0 0 0 0 0
163,8,1,D6_B8_0023,5,4,3,1 0 0 0 0 0 1 0,1 1 1 0 0 0 0 0 0 0
164,8,1,D6_B8_0023,6,4,3,1 0 0 0 0 0 0 1,1 1 1 0 0 0 0 0 0 0
165,8,1,D6_B8_0023,7,4,3,1 0 0 0 0 1 0 0,1 1 1 0 0 0 0 0 0 0
166,8,0,D6_B8_0024,-1,4,3,0 0 1 0 1 0 0 0,0 0 1 0 0 1 1 0 0 0
167,8,1,D6_B8_0024,0,4,3,0 0 1 0 1 0 0 0,0 0 1 0 0 1 1 0 0 0
168,8,1,D6_B8_0024,1,4,3,0 0 1 0 1 0 0 0,0 0 0 0 0 1 1 1 0 0
169,8,1,D6_B8_0024,2,4,3,0 1 1 0 0 0 0 0,0 0 0 0 0 1 1 1 0 0
170,8,1,D6_B8_0024,3,4,3,0 0 1 0 1 0 0 0,1 0 0 0 0 0 1 1 0 0
171,8,1,D6_B8_0024,4,5,3,0 0 1 0 1 0 0 0,0 0 0 0 0 1 1 1 0 0
172,8,1,D6_B8_0024,5,4,3,0 0 1 0 1 0 0 0,0 0 0 0 0 1 1 1 0 0
173,8,1,D6_B8_0024,6,5,3,0 0 0 0 1 0 1 0,0 1 0 0 0 1 0 1 0 0
174,8,1,D6_B8_0024,7,4,3,0 0 1 0 1 0 0 0,0 0 0 0 0 1 1 1 0 0
175,8,0,D6_B8_0025,-1,4,3,0 0 0 0 0 0 1 1,0 0 0 0 0 1 1 1 0 0
176,8,1,D6_B8_0025,0,4,3,0 0 0 0 0 0 1 1,0 0 0 0 0 1 1 1 0 0
177,8,1,D6_B8_0025,1,4,3,0 0 0 0 0 0 1 1,0 0 0 0 0 1 1 1 0 0
178,8,1,D6_B8_0025,2,4,3,0 0 0 0 0 0 1 1,0 0 0 0 0 1 1 1 0 0
179,8,1,D6_B8_0025,3,4,3,0 0 0 0 0 0 1 1,0 0 0 0 0 1 1 1 0 0
180,8,1,D6_B8_0025,4,4,3,0 0 0 0 0 0 1 1,0 0 0 0 0 1 1 1 0 0
181,8,1,D6_B8_0025,5,4,3,0 0 0 0 0 0 1 1,0 0 0 0 0 1 1 1 0 0
182,8,1,D6_B8_0025,6,5,3,0 0 0 0 0 0 1 1,0 0 0 0 0 1 1 1 0 0
183,8,1,D6_B8_0025,7,5,3,0 0 0 0 0 0 1 1,0 0 0 0 0 1 1 1 0 0
